Position,Residue,TMAnnotation,Method,Probability
1,M,0,Octopus,0.091
1,M,0,Phobius,0
2,A,0,Octopus,0.091
2,A,0,Phobius,0
3,P,0,Octopus,0.091
3,P,0,Phobius,0
4,A,0,Octopus,0.091
4,A,0,Phobius,0
5,A,0,Octopus,0.1
5,A,0,Phobius,0
6,D,0,Octopus,0.1
6,D,0,Phobius,0
7,R,0,Octopus,0.091
7,R,0,Phobius,0
8,E,0,Octopus,0.091
8,E,0,Phobius,0
9,G,0,Octopus,0.091
9,G,0,Phobius,0
10,Y,0,Octopus,0.091
10,Y,0,Phobius,0
11,W,0,Octopus,0.091
11,W,0,Phobius,0
12,G,0,Octopus,0.091
12,G,0,Phobius,0
13,P,0,Octopus,0.091
13,P,0,Phobius,0
14,T,0,Octopus,0.091
14,T,0,Phobius,0
15,T,0,Octopus,0.091
15,T,0,Phobius,0
16,S,0,Octopus,0.1
16,S,0,Phobius,0
17,T,0,Octopus,0.1
17,T,0,Phobius,0
18,L,0,Octopus,0.1
18,L,0,Phobius,0
19,D,0,Octopus,0.091
19,D,0,Phobius,0
20,W,0,Octopus,0.091
20,W,0,Phobius,0.00001
21,C,0,Octopus,0.091
21,C,0,Phobius,0.00001
22,E,0,Octopus,0.091
22,E,0,Phobius,0.00003
23,E,0,Octopus,0.091
23,E,0,Phobius,0.00037
24,N,0,Octopus,0.091
24,N,0,Phobius,0.00335
25,Y,0,Octopus,0.091
25,Y,0,Phobius,0.01371
26,S,0,Octopus,0.091
26,S,0,Phobius,0.03218
27,V,0,Octopus,0.1
27,V,0,Phobius,0.18162
28,T,0,Octopus,0.1
28,T,0,Phobius,0.25395
29,W,0,Octopus,0.145
29,W,0,Phobius,0.35857
30,Y,0,Octopus,0.218
30,Y,0,Phobius,0.40701
31,I,0,Octopus,0.273
31,I,0,Phobius,0.42169
32,A,0,Octopus,0.264
32,A,0,Phobius,0.45822
33,E,0,Octopus,0.373
33,E,0,Phobius,0.49885
34,F,1,Octopus,0.527
34,F,1,Phobius,0.83446
35,W,1,Octopus,0.582
35,W,1,Phobius,0.87557
36,N,1,Octopus,0.536
36,N,1,Phobius,0.88066
37,T,1,Octopus,0.782
37,T,1,Phobius,0.894
38,V,1,Octopus,0.973
38,V,1,Phobius,0.90466
39,S,1,Octopus,0.982
39,S,1,Phobius,0.9064
40,N,1,Octopus,0.973
40,N,1,Phobius,0.9071
41,L,1,Octopus,0.973
41,L,1,Phobius,0.90758
42,I,1,Octopus,0.982
42,I,1,Phobius,0.90764
43,M,1,Octopus,0.982
43,M,1,Phobius,0.90681
44,I,1,Octopus,0.982
44,I,1,Phobius,0.90144
45,I,1,Octopus,0.873
45,I,1,Phobius,0.89091
46,P,1,Octopus,0.473
46,P,1,Phobius,0.87384
47,P,1,Octopus,0.309
47,P,1,Phobius,0.86565
48,M,1,Octopus,0.345
48,M,1,Phobius,0.86328
49,F,1,Octopus,0.3
49,F,1,Phobius,0.86026
50,G,1,Octopus,0.264
50,G,1,Phobius,0.84592
51,A,1,Octopus,0.218
51,A,1,Phobius,0.82485
52,V,1,Octopus,0.173
52,V,1,Phobius,0.68525
53,Q,1,Octopus,0.173
53,Q,1,Phobius,0.12402
54,S,1,Octopus,0.236
54,S,1,Phobius,0.09178
55,V,1,Octopus,0.191
55,V,1,Phobius,0.07989
56,R,0,Octopus,0.127
56,R,0,Phobius,0.01819
57,D,0,Octopus,0.109
57,D,0,Phobius,0.00376
58,G,0,Octopus,0.118
58,G,0,Phobius,0.00223
59,L,0,Octopus,0.155
59,L,0,Phobius,0.00192
60,E,0,Octopus,0.145
60,E,0,Phobius,0.00072
61,K,0,Octopus,0.409
61,K,0,Phobius,0.00605
62,R,1,Octopus,0.791
62,R,1,Phobius,0.04271
63,Y,1,Octopus,0.909
63,Y,1,Phobius,0.23688
64,I,1,Octopus,0.982
64,I,1,Phobius,0.8761
65,A,1,Octopus,0.991
65,A,1,Phobius,0.93432
66,S,1,Octopus,0.991
66,S,1,Phobius,0.95512
67,Y,1,Octopus,0.991
67,Y,1,Phobius,0.99725
68,L,1,Octopus,1
68,L,1,Phobius,0.99896
69,A,1,Octopus,1
69,A,1,Phobius,0.99908
70,L,1,Octopus,1
70,L,1,Phobius,0.99911
71,T,1,Octopus,1
71,T,1,Phobius,0.99912
72,V,1,Octopus,1
72,V,1,Phobius,0.99912
73,V,1,Octopus,1
73,V,1,Phobius,0.99912
74,G,1,Octopus,1
74,G,1,Phobius,0.99912
75,M,1,Octopus,1
75,M,1,Phobius,0.99912
76,G,1,Octopus,1
76,G,1,Phobius,0.99911
77,S,1,Octopus,1
77,S,1,Phobius,0.99908
78,W,1,Octopus,1
78,W,1,Phobius,0.99905
79,C,1,Octopus,1
79,C,1,Phobius,0.99784
80,F,1,Octopus,0.982
80,F,1,Phobius,0.99694
81,H,1,Octopus,0.882
81,H,1,Phobius,0.9875
82,M,1,Octopus,0.582
82,M,1,Phobius,0.97005
83,T,0,Octopus,0.455
83,T,0,Phobius,0.93867
84,L,0,Octopus,0.345
84,L,0,Phobius,0.686
85,K,0,Octopus,0.191
85,K,0,Phobius,0.04937
86,Y,0,Octopus,0.136
86,Y,0,Phobius,0.04267
87,E,0,Octopus,0.127
87,E,0,Phobius,0.01566
88,M,1,Octopus,0.109
88,M,1,Phobius,0.01557
89,Q,1,Octopus,0.109
89,Q,1,Phobius,0.03061
90,L,1,Octopus,0.136
90,L,1,Phobius,0.17793
91,L,1,Octopus,0.209
91,L,1,Phobius,0.18351
92,D,1,Octopus,0.309
92,D,1,Phobius,0.18702
93,E,1,Octopus,0.3
93,E,1,Phobius,0.1999
94,L,1,Octopus,0.236
94,L,1,Phobius,0.2379
95,P,1,Octopus,0.218
95,P,1,Phobius,0.43656
96,M,1,Octopus,0.2
96,M,1,Phobius,0.84158
97,I,1,Octopus,0.182
97,I,1,Phobius,0.84249
98,Y,1,Octopus,0.2
98,Y,1,Phobius,0.84258
99,S,1,Octopus,0.645
99,S,1,Phobius,0.84259
100,C,1,Octopus,0.827
100,C,1,Phobius,0.84259
101,C,1,Octopus,0.755
101,C,1,Phobius,0.84259
102,I,1,Octopus,0.673
102,I,1,Phobius,0.84259
103,F,1,Octopus,0.545
103,F,1,Phobius,0.84259
104,V,1,Octopus,0.564
104,V,1,Phobius,0.84259
105,Y,1,Octopus,0.445
105,Y,1,Phobius,0.84257
106,C,1,Octopus,0.436
106,C,1,Phobius,0.84032
107,M,1,Octopus,0.382
107,M,1,Phobius,0.83487
108,F,1,Octopus,0.282
108,F,1,Phobius,0.80124
109,E,0,Octopus,0.2
109,E,0,Phobius,0.70718
110,C,0,Octopus,0.164
110,C,0,Phobius,0.70262
111,F,0,Octopus,0.164
111,F,0,Phobius,0.66624
112,K,0,Octopus,0.155
112,K,0,Phobius,0.4366
113,I,0,Octopus,0.164
113,I,0,Phobius,0.26547
114,K,0,Octopus,0.136
114,K,0,Phobius,0.08448
115,N,0,Octopus,0.109
115,N,0,Phobius,0.01197
116,S,0,Octopus,0.118
116,S,0,Phobius,0.02329
117,V,0,Octopus,0.409
117,V,0,Phobius,0.19274
118,N,0,Octopus,0.691
118,N,0,Phobius,0.40874
119,Y,1,Octopus,0.845
119,Y,1,Phobius,0.68276
120,H,1,Octopus,0.936
120,H,1,Phobius,0.92476
121,L,1,Octopus,0.955
121,L,1,Phobius,0.99278
122,L,1,Octopus,0.973
122,L,1,Phobius,0.9989
123,F,1,Octopus,0.982
123,F,1,Phobius,0.99978
124,T,1,Octopus,0.982
124,T,1,Phobius,0.99981
125,L,1,Octopus,0.982
125,L,1,Phobius,0.99983
126,V,1,Octopus,0.991
126,V,1,Phobius,0.99983
127,L,1,Octopus,0.991
127,L,1,Phobius,0.99983
128,F,1,Octopus,0.991
128,F,1,Phobius,0.99983
129,S,1,Octopus,0.991
129,S,1,Phobius,0.99983
130,L,1,Octopus,0.991
130,L,1,Phobius,0.99983
131,I,1,Octopus,0.982
131,I,1,Phobius,0.99983
132,V,1,Octopus,0.964
132,V,1,Phobius,0.99981
133,T,1,Octopus,0.936
133,T,1,Phobius,0.99972
134,T,1,Octopus,0.945
134,T,1,Phobius,0.9996
135,V,1,Octopus,0.936
135,V,1,Phobius,0.99878
136,Y,1,Octopus,0.8
136,Y,1,Phobius,0.98132
137,L,1,Octopus,0.755
137,L,1,Phobius,0.90637
138,K,1,Octopus,0.727
138,K,1,Phobius,0.14257
139,V,1,Octopus,0.527
139,V,1,Phobius,0.10498
140,K,0,Octopus,0.291
140,K,0,Phobius,0.01029
141,E,0,Octopus,0.173
141,E,0,Phobius,0.00141
142,P,1,Octopus,0.155
142,P,1,Phobius,0.0155
143,I,1,Octopus,0.191
143,I,1,Phobius,0.54499
144,F,1,Octopus,0.327
144,F,1,Phobius,0.57536
145,H,1,Octopus,0.391
145,H,1,Phobius,0.59851
146,Q,1,Octopus,0.791
146,Q,1,Phobius,0.63468
147,V,1,Octopus,0.945
147,V,1,Phobius,0.67339
148,M,1,Octopus,0.955
148,M,1,Phobius,0.73782
149,Y,1,Octopus,0.982
149,Y,1,Phobius,0.95714
150,G,1,Octopus,0.991
150,G,1,Phobius,0.96555
151,M,1,Octopus,1
151,M,1,Phobius,0.99857
152,L,1,Octopus,1
152,L,1,Phobius,0.99968
153,V,1,Octopus,1
153,V,1,Phobius,0.99981
154,F,1,Octopus,0.991
154,F,1,Phobius,0.99983
155,T,1,Octopus,0.991
155,T,1,Phobius,0.99983
156,L,1,Octopus,0.982
156,L,1,Phobius,0.99983
157,V,1,Octopus,0.936
157,V,1,Phobius,0.99984
158,L,1,Octopus,0.882
158,L,1,Phobius,0.99981
159,R,1,Octopus,0.882
159,R,1,Phobius,0.99392
160,S,1,Octopus,0.836
160,S,1,Phobius,0.99052
161,I,1,Octopus,0.782
161,I,1,Phobius,0.98863
162,Y,1,Octopus,0.555
162,Y,1,Phobius,0.91771
163,I,0,Octopus,0.255
163,I,0,Phobius,0.76002
164,V,0,Octopus,0.127
164,V,0,Phobius,0.72029
165,T,0,Octopus,0.1
165,T,0,Phobius,0.62519
166,W,0,Octopus,0.1
166,W,0,Phobius,0.59473
167,V,0,Octopus,0.1
167,V,0,Phobius,0.53177
168,Y,0,Octopus,0.127
168,Y,0,Phobius,0.38575
169,P,0,Octopus,0.127
169,P,0,Phobius,0.16666
170,W,0,Octopus,0.209
170,W,0,Phobius,0.15868
171,L,0,Octopus,0.282
171,L,0,Phobius,0.17932
172,R,0,Octopus,0.564
172,R,0,Phobius,0.154
173,G,0,Octopus,0.882
173,G,0,Phobius,0.4066
174,L,1,Octopus,0.964
174,L,1,Phobius,0.79862
175,G,1,Octopus,0.982
175,G,1,Phobius,0.88228
176,Y,1,Octopus,0.982
176,Y,1,Phobius,0.94428
177,T,1,Octopus,0.991
177,T,1,Phobius,0.97056
178,S,1,Octopus,0.991
178,S,1,Phobius,0.98116
179,L,1,Octopus,1
179,L,1,Phobius,0.99069
180,G,1,Octopus,1
180,G,1,Phobius,0.99671
181,I,1,Octopus,1
181,I,1,Phobius,0.99869
182,F,1,Octopus,1
182,F,1,Phobius,0.999
183,L,1,Octopus,1
183,L,1,Phobius,0.99922
184,L,1,Octopus,1
184,L,1,Phobius,0.99922
185,G,1,Octopus,1
185,G,1,Phobius,0.9992
186,F,1,Octopus,1
186,F,1,Phobius,0.99913
187,L,1,Octopus,1
187,L,1,Phobius,0.99892
188,F,1,Octopus,1
188,F,1,Phobius,0.99785
189,W,1,Octopus,1
189,W,1,Phobius,0.9898
190,N,1,Octopus,0.991
190,N,1,Phobius,0.90953
191,I,1,Octopus,0.964
191,I,1,Phobius,0.86073
192,D,1,Octopus,0.836
192,D,1,Phobius,0.4129
193,N,1,Octopus,0.727
193,N,1,Phobius,0.35895
194,I,1,Octopus,0.545
194,I,1,Phobius,0.35228
195,F,0,Octopus,0.373
195,F,0,Phobius,0.33171
196,C,0,Octopus,0.155
196,C,0,Phobius,0.14692
197,E,0,Octopus,0.136
197,E,0,Phobius,0.03761
198,S,0,Octopus,0.127
198,S,0,Phobius,0.0236
199,L,0,Octopus,0.1
199,L,0,Phobius,0.0148
200,R,0,Octopus,0.091
200,R,0,Phobius,0.00697
201,N,0,Octopus,0.091
201,N,0,Phobius,0.00337
202,F,0,Octopus,0.091
202,F,0,Phobius,0.00322
203,R,0,Octopus,0.1
203,R,0,Phobius,0.00102
204,K,0,Octopus,0.109
204,K,0,Phobius,0.00055
205,K,0,Octopus,0.109
205,K,0,Phobius,0.00101
206,V,0,Octopus,0.118
206,V,0,Phobius,0.00463
207,P,0,Octopus,0.118
207,P,0,Phobius,0.00733
208,P,0,Octopus,0.118
208,P,0,Phobius,0.01211
209,I,0,Octopus,0.118
209,I,0,Phobius,0.02498
210,I,0,Octopus,0.136
210,I,0,Phobius,0.02842
211,G,0,Octopus,0.209
211,G,0,Phobius,0.03435
212,I,0,Octopus,0.245
212,I,0,Phobius,0.04246
213,T,0,Octopus,0.209
213,T,0,Phobius,0.04362
214,T,0,Octopus,0.245
214,T,0,Phobius,0.04843
215,Q,0,Octopus,0.382
215,Q,0,Phobius,0.067
216,F,1,Octopus,0.791
216,F,1,Phobius,0.24831
217,H,1,Octopus,0.873
217,H,1,Phobius,0.38542
218,A,1,Octopus,0.909
218,A,1,Phobius,0.79318
219,W,1,Octopus,0.982
219,W,1,Phobius,0.91912
220,W,1,Octopus,0.991
220,W,1,Phobius,0.95899
221,H,1,Octopus,1
221,H,1,Phobius,0.96759
222,I,1,Octopus,1
222,I,1,Phobius,0.98034
223,L,1,Octopus,1
223,L,1,Phobius,0.98271
224,T,1,Octopus,1
224,T,1,Phobius,0.98295
225,G,1,Octopus,1
225,G,1,Phobius,0.98418
226,L,1,Octopus,1
226,L,1,Phobius,0.98884
227,G,1,Octopus,1
227,G,1,Phobius,0.98928
228,S,1,Octopus,1
228,S,1,Phobius,0.99054
229,Y,1,Octopus,1
229,Y,1,Phobius,0.99111
230,L,1,Octopus,0.991
230,L,1,Phobius,0.98918
231,H,1,Octopus,0.936
231,H,1,Phobius,0.9876
232,I,1,Octopus,0.882
232,I,1,Phobius,0.9868
233,L,1,Octopus,0.818
233,L,1,Phobius,0.98383
234,F,1,Octopus,0.764
234,F,1,Phobius,0.97687
235,S,1,Octopus,0.682
235,S,1,Phobius,0.95822
236,L,1,Octopus,0.545
236,L,1,Phobius,0.94668
237,Y,0,Octopus,0.518
237,Y,0,Phobius,0.85457
238,T,0,Octopus,0.255
238,T,0,Phobius,0.39726
239,R,0,Octopus,0.164
239,R,0,Phobius,0.19732
240,T,0,Octopus,0.136
240,T,0,Phobius,0.16578
241,L,0,Octopus,0.109
241,L,0,Phobius,0.13974
242,Y,0,Octopus,0.1
242,Y,0,Phobius,0.12181
243,L,0,Octopus,0.1
243,L,0,Phobius,0.05969
244,R,0,Octopus,0.1
244,R,0,Phobius,0.0404
245,Y,0,Octopus,0.091
245,Y,0,Phobius,0.05914
246,R,0,Octopus,0.091
246,R,0,Phobius,0.05535
247,P,0,Octopus,0.091
247,P,0,Phobius,0.07225
248,K,0,Octopus,0.091
248,K,0,Phobius,0.12364
249,V,0,Octopus,0.091
249,V,0,Phobius,0.45173
250,K,0,Octopus,0.091
250,K,0,Phobius,0.46137
251,F,0,Octopus,0.091
251,F,0,Phobius,0.46261
252,L,0,Octopus,0.091
252,L,0,Phobius,0.46261
253,F,0,Octopus,0.091
253,F,0,Phobius,0.46261
254,G,0,Octopus,0.091
254,G,0,Phobius,0.46261
255,I,0,Octopus,0.091
255,I,0,Phobius,0.46261
256,W,0,Octopus,0.091
256,W,0,Phobius,0.46261
257,P,0,Octopus,0.091
257,P,0,Phobius,0.46261
258,V,0,Octopus,0.091
258,V,0,Phobius,0.46261
259,I,0,Octopus,0.091
259,I,0,Phobius,0.46256
260,L,0,Octopus,0.1
260,L,0,Phobius,0.46182
261,F,0,Octopus,0.109
261,F,0,Phobius,0.45935
262,E,0,Octopus,0.127
262,E,0,Phobius,0.4396
263,P,0,Octopus,0.145
263,P,0,Phobius,0.43317
264,L,0,Octopus,0.273
264,L,0,Phobius,0.426
265,R,0,Octopus,0.5
265,R,0,Phobius,0.24379
266,K,0,Octopus,0.618
266,K,0,Phobius,0.04927
267,H,0,Octopus,0.709
267,H,0,Phobius,0
